<?xml version="1.0" encoding="UTF-8"?>
<project-private xmlns="http://www.netbeans.org/ns/project-private/1">
    <editor-bookmarks xmlns="http://www.netbeans.org/ns/editor-bookmarks/2" lastBookmarkId="0"/>
    <open-files xmlns="http://www.netbeans.org/ns/projectui-open-files/2">
        <group>
            <file>file:/C:/Users/KlelberD/Documents/NetBeansProjects/CadastroSwing/src/view/ClienteView.java</file>
            <file>file:/C:/Users/KlelberD/Documents/NetBeansProjects/CadastroSwing/src/cliente/CriarBancoSQLite.java</file>
            <file>file:/C:/Users/KlelberD/Documents/NetBeansProjects/CadastroSwing/src/cliente/Cliente.java</file>
            <file>file:/C:/Users/KlelberD/Documents/NetBeansProjects/CadastroSwing/src/cliente/ClienteDAO.java</file>
            <file>file:/C:/Users/KlelberD/Documents/NetBeansProjects/CadastroSwing/src/cliente/Conexao.java</file>
        </group>
    </open-files>
</project-private>
